{"cameraMode":{"drawMode":0,"name":"Shaded","section":"Shading Mode"},"sceneLighting":true,"audioPlay":false,"sceneViewState":{"m_AlwaysRefresh":false,"showFog":true,"showSkybox":true,"showFlares":true,"showImageEffects":true,"showParticleSystems":true,"showVisualEffectGraphs":true,"m_FxEnabled":true},"in2DMode":false,"pivot":{"x":-3.3283042907714845,"y":1.7346724271774293,"z":-0.9443479776382446},"rotation":{"x":-0.14059895277023316,"y":0.15406771004199983,"z":-0.022140737622976304,"w":-0.977796196937561},"size":1.2247449159622193,"orthographic":false}